c322af7e-6b8c-4de5-a44c-d7e38126826a, Sat Dec 03 2022 07:41:27 GMT+0200 (Eastern European Standard Time), deduce, Incidunt adipisci repudiandae., Mon Jun 19 2023 17:56:52 GMT+0300 (Eastern European Summer Time), 1, Greece, Julio Bauch II, omnis, 218438, veniam, 382234216577501, 634138125745656
c935aa1e-cb8f-451d-8fb9-e85ea1604fa5, Tue Jun 25 2024 15:03:56 GMT+0300 (Eastern European Summer Time), honesty, Fuga dicta fugit., Wed Oct 04 2023 20:22:53 GMT+0300 (Eastern European Summer Time), 1, French Southern Territories, Shelly O'Connell, repellendus, 905112, asperiores, 56723067592189, 34848814312365
ffe9a79f-196a-4d42-a61b-ff9ea8132790, Tue Mar 07 2023 04:24:11 GMT+0200 (Eastern European Standard Time), geology, Ipsa numquam dicta., Mon Mar 13 2023 17:58:08 GMT+0200 (Eastern European Standard Time), 1, Kiribati, Dr. Kristina Maggio, doloremque, 686269, quia, 485284391142240, 29350892730292
647a41ea-7c27-45bf-a26f-22e8f95c00f2, Sat May 11 2024 17:36:24 GMT+0300 (Eastern European Summer Time), mix, Ad magnam temporibus., Sun Jan 15 2023 01:58:02 GMT+0200 (Eastern European Standard Time), 1, Kuwait, Nora Lebsack, quibusdam, 79837, laborum, 627057709024405, 729457665094662
a70bc9bf-5b69-40d3-8b6d-9992e35f19c7, Fri Jan 26 2024 01:57:53 GMT+0200 (Eastern European Standard Time), damage, Cupiditate non sit., Wed Jan 10 2024 12:27:52 GMT+0200 (Eastern European Standard Time), 1, Lesotho, Willie Gleichner, repudiandae, 969223, nostrum, 847911650325050, 644140004313012
8f273a7e-e009-4b6f-ac8a-b57496ffc115, Thu Aug 22 2024 23:16:02 GMT+0300 (Eastern European Summer Time), dungarees, Est rerum odit., Mon Aug 21 2023 13:55:08 GMT+0300 (Eastern European Summer Time), 1, Reunion, Betty Kemmer, sed, 578289, officia, 901546108454336, 971781191889501
84a32898-4d7e-495e-ba02-601efe8d34f1, Wed Jan 10 2024 09:10:41 GMT+0200 (Eastern European Standard Time), gender, Minima libero assumenda., Mon May 20 2024 18:35:32 GMT+0300 (Eastern European Summer Time), 1, Pitcairn Islands, Ed Schroeder, quo, 554632, saepe, 653565085367367, 288515061036326
ec1b0a84-d4dc-4010-b4e7-2e5ce7af986a, Fri May 26 2023 00:54:30 GMT+0300 (Eastern European Summer Time), sprat, Cupiditate nam cupiditate., Sun Jan 14 2024 06:16:08 GMT+0200 (Eastern European Standard Time), 1, Trinidad and Tobago, Miss Shelly Bergstrom, dolore, 530210, provident, 536936351789379, 322113830335994
aa6886cf-00e5-4374-a34c-35cb2b738df4, Mon Sep 18 2023 09:51:48 GMT+0300 (Eastern European Summer Time), leash, Non rerum architecto., Sat Jun 08 2024 06:24:09 GMT+0300 (Eastern European Summer Time), 1, Singapore, Sherri Pouros, numquam, 543533, maiores, 254104255803053, 748505733459820
accc30d4-9db6-49a6-90cf-12bf388d94de, Tue Sep 05 2023 23:32:54 GMT+0300 (Eastern European Summer Time), analogue, Excepturi aperiam voluptatibus., Thu Aug 22 2024 06:37:50 GMT+0300 (Eastern European Summer Time), 1, Virgin Islands, British, Gustavo Flatley, illo, 864171, tempore, 307196750752660, 335405291592241
